image_url,file_name,status,error
https://cdn.lookastic.com/looks/red-floral-casual-dress-white-leather-low-top-sneakers-large-107862.jpg,data\images\red-floral-casual-dress-white-leather-low-top-sneakers-large-107862.jpg,success,
https://cdn.lookastic.com/red-floral-casual-dress-original-1389565.jpg,data\images\red-floral-casual-dress-original-1389565.jpg,success,
https://cdn.lookastic.com/looks/purple-leopard-sheath-dress-burgundy-suede-heeled-sandals-burgundy-leather-waist-belt-large-107854.jpg,data\images\purple-leopard-sheath-dress-burgundy-suede-heeled-sandals-burgundy-leather-waist-belt-large-107854.jpg,success,
https://cdn.lookastic.com/looks/tan-wool-sheath-dress-black-suede-pumps-yellow-leather-handbag-large-107861.jpg,data\images\tan-wool-sheath-dress-black-suede-pumps-yellow-leather-handbag-large-107861.jpg,success,
https://cdn.lookastic.com/black-satin-pumps-original-8486662.jpg,data\images\black-satin-pumps-original-8486662.jpg,success,
https://cdn.lookastic.com/yellow-leather-handbag-original-3837452.jpg,data\images\yellow-leather-handbag-original-3837452.jpg,success,
https://cdn.lookastic.com/burgundy-leather-waist-belt-original-11433612.jpg,data\images\burgundy-leather-waist-belt-original-11433612.jpg,success,
https://cdn.lookastic.com/white-leather-low-top-sneakers-original-3694504.jpg,data\images\white-leather-low-top-sneakers-original-3694504.jpg,success,
https://cdn.lookastic.com/dark-brown-leopard-clutch-original-3929887.jpg,data\images\dark-brown-leopard-clutch-original-3929887.jpg,success,
https://cdn.lookastic.com/assets/item-dba620cf05c5e3a32ad2750e6b7a2aff19e1c5a9163440160262dd0ec62fbf32.png,data\images\item-dba620cf05c5e3a32ad2750e6b7a2aff19e1c5a9163440160262dd0ec62fbf32.png,success,
https://cdn.lookastic.com/tan-leopard-wool-sheath-dress-original-10032356.jpg,data\images\tan-leopard-wool-sheath-dress-original-10032356.jpg,success,
https://cdn.lookastic.com/looks/beige-leopard-midi-dress-gold-leather-pumps-black-leather-waist-belt-large-107859.jpg,data\images\beige-leopard-midi-dress-gold-leather-pumps-black-leather-waist-belt-large-107859.jpg,success,
https://cdn.lookastic.com/burgundy-suede-heeled-sandals-original-4530068.jpg,data\images\burgundy-suede-heeled-sandals-original-4530068.jpg,success,
https://cdn.lookastic.com/black-suede-pumps-original-1631103.jpg,data\images\black-suede-pumps-original-1631103.jpg,success,
https://cdn.lookastic.com/gold-leather-pumps-original-3941507.jpg,data\images\gold-leather-pumps-original-3941507.jpg,success,
https://cdn.lookastic.com/black-leather-waist-belt-original-9992106.jpg,data\images\black-leather-waist-belt-original-9992106.jpg,success,
https://cdn.lookastic.com/brown-leopard-bodycon-dress-original-3877520.jpg,data\images\brown-leopard-bodycon-dress-original-3877520.jpg,success,
https://cdn.lookastic.com/looks/brown-leopard-bodycon-dress-black-satin-pumps-dark-brown-leopard-clutch-large-107857.jpg,data\images\brown-leopard-bodycon-dress-black-satin-pumps-dark-brown-leopard-clutch-large-107857.jpg,success,
https://cdn.lookastic.com/tan-leopard-maxi-dress-original-11481196.jpg,data\images\tan-leopard-maxi-dress-original-11481196.jpg,success,
https://cdn.lookastic.com/black-leather-biker-jacket-original-8876947.jpg,data\images\black-leather-biker-jacket-original-8876947.jpg,success,
https://cdn.lookastic.com/gold-leather-flat-sandals-original-9738626.jpg,data\images\gold-leather-flat-sandals-original-9738626.jpg,success,
https://cdn.lookastic.com/black-studded-leather-clutch-original-9787821.jpg,data\images\black-studded-leather-clutch-original-9787821.jpg,success,
https://cdn.lookastic.com/red-leopard-shift-dress-original-11481100.jpg,data\images\red-leopard-shift-dress-original-11481100.jpg,success,
https://cdn.lookastic.com/black-sunglasses-original-9539401.jpg,data\images\black-sunglasses-original-9539401.jpg,success,
https://cdn.lookastic.com/black-blazer-original-1366935.jpg,data\images\black-blazer-original-1366935.jpg,success,
https://cdn.lookastic.com/brown-leather-tote-bag-original-2366115.jpg,data\images\brown-leather-tote-bag-original-2366115.jpg,success,
https://cdn.lookastic.com/pink-canvas-pumps-original-11313645.jpg,data\images\pink-canvas-pumps-original-11313645.jpg,success,
https://cdn.lookastic.com/black-and-white-canvas-high-top-sneakers-original-7983204.jpg,data\images\black-and-white-canvas-high-top-sneakers-original-7983204.jpg,success,
https://cdn.lookastic.com/black-leather-satchel-bag-original-4065409.jpg,data\images\black-leather-satchel-bag-original-4065409.jpg,success,
https://cdn.lookastic.com/looks/hot-pink-coat-red-leopard-shift-dress-pink-canvas-pumps-large-107853.jpg,data\images\hot-pink-coat-red-leopard-shift-dress-pink-canvas-pumps-large-107853.jpg,success,
https://cdn.lookastic.com/gold-bracelet-original-8925612.jpg,data\images\gold-bracelet-original-8925612.jpg,success,
https://cdn.lookastic.com/looks/hot-pink-coat-red-leopard-shift-dress-pink-canvas-pumps-large-107860.jpg,data\images\hot-pink-coat-red-leopard-shift-dress-pink-canvas-pumps-large-107860.jpg,success,
https://cdn.lookastic.com/looks/blazer-maxi-dress-high-top-sneakers-large-107856.jpg,data\images\blazer-maxi-dress-high-top-sneakers-large-107856.jpg,success,
https://cdn.lookastic.com/black-headband-original-3982041.jpg,data\images\black-headband-original-3982041.jpg,success,
https://cdn.lookastic.com/white-canvas-low-top-sneakers-original-7975648.jpg,data\images\white-canvas-low-top-sneakers-original-7975648.jpg,success,
https://cdn.lookastic.com/tan-leopard-sheath-dress-original-9811700.jpg,data\images\tan-leopard-sheath-dress-original-9811700.jpg,success,
https://cdn.lookastic.com/looks/sheath-dress-flat-sandals-clutch-large-107858.jpg,data\images\sheath-dress-flat-sandals-clutch-large-107858.jpg,success,
https://cdn.lookastic.com/hot-pink-coat-original-4123320.jpg,data\images\hot-pink-coat-original-4123320.jpg,success,
https://cdn.lookastic.com/looks/biker-jacket-maxi-dress-low-top-sneakers-large-107855.jpg,data\images\biker-jacket-maxi-dress-low-top-sneakers-large-107855.jpg,success,
https://cdn.lookastic.com/brown-leopard-shirtdress-original-11312252.jpg,data\images\brown-leopard-shirtdress-original-11312252.jpg,success,
https://cdn.lookastic.com/black-quilted-leather-satchel-bag-original-4065408.jpg,data\images\black-quilted-leather-satchel-bag-original-4065408.jpg,success,
https://cdn.lookastic.com/looks/black-and-white-leopard-maxi-dress-brown-studded-leather-thong-sandals-large-107829.jpg,data\images\black-and-white-leopard-maxi-dress-brown-studded-leather-thong-sandals-large-107829.jpg,success,
https://cdn.lookastic.com/looks/brown-leopard-bodycon-dress-black-satin-pumps-dark-brown-leopard-clutch-large-107849.jpg,data\images\brown-leopard-bodycon-dress-black-satin-pumps-dark-brown-leopard-clutch-large-107849.jpg,success,
https://cdn.lookastic.com/brown-studded-leather-thong-sandals-original-9742430.jpg,data\images\brown-studded-leather-thong-sandals-original-9742430.jpg,success,
https://cdn.lookastic.com/gold-necklace-original-3980275.jpg,data\images\gold-necklace-original-3980275.jpg,success,
https://cdn.lookastic.com/looks/blazer-maxi-dress-high-top-sneakers-large-107848.jpg,data\images\blazer-maxi-dress-high-top-sneakers-large-107848.jpg,success,
https://cdn.lookastic.com/black-and-white-leopard-maxi-dress-original-8517402.jpg,data\images\black-and-white-leopard-maxi-dress-original-8517402.jpg,success,
https://cdn.lookastic.com/looks/shirtdress-pumps-satchel-bag-large-107833.jpg,data\images\shirtdress-pumps-satchel-bag-large-107833.jpg,success,
https://cdn.lookastic.com/looks/tan-wool-sheath-dress-black-suede-pumps-yellow-leather-handbag-large-107822.jpg,data\images\tan-wool-sheath-dress-black-suede-pumps-yellow-leather-handbag-large-107822.jpg,success,
https://cdn.lookastic.com/black-turtleneck-original-2562387.jpg,data\images\black-turtleneck-original-2562387.jpg,success,
https://cdn.lookastic.com/looks/turtleneck-tank-dress-jeans-large-107840.jpg,data\images\turtleneck-tank-dress-jeans-large-107840.jpg,success,
https://cdn.lookastic.com/looks/sheath-dress-flat-sandals-clutch-large-107850.jpg,data\images\sheath-dress-flat-sandals-clutch-large-107850.jpg,success,
https://cdn.lookastic.com/blue-jeans-original-1508919.jpg,data\images\blue-jeans-original-1508919.jpg,success,
https://cdn.lookastic.com/black-leather-tote-bag-original-2365791.jpg,data\images\black-leather-tote-bag-original-2365791.jpg,success,
https://cdn.lookastic.com/brown-leopard-headband-original-3982121.jpg,data\images\brown-leopard-headband-original-3982121.jpg,success,
https://cdn.lookastic.com/looks/skater-dress-lace-up-flat-boots-headband-large-107830.jpg,data\images\skater-dress-lace-up-flat-boots-headband-large-107830.jpg,success,
https://cdn.lookastic.com/looks/purple-leopard-sheath-dress-burgundy-suede-heeled-sandals-burgundy-leather-waist-belt-large-107843.jpg,data\images\purple-leopard-sheath-dress-burgundy-suede-heeled-sandals-burgundy-leather-waist-belt-large-107843.jpg,success,
https://cdn.lookastic.com/looks/maxi-dress-tote-bag-belt-large-107832.jpg,data\images\maxi-dress-tote-bag-belt-large-107832.jpg,success,
https://cdn.lookastic.com/brown-leopard-maxi-dress-original-3885725.jpg,data\images\brown-leopard-maxi-dress-original-3885725.jpg,success,
https://cdn.lookastic.com/black-leather-belt-original-1664133.jpg,data\images\black-leather-belt-original-1664133.jpg,success,
https://cdn.lookastic.com/black-studded-bracelet-original-10334826.jpg,data\images\black-studded-bracelet-original-10334826.jpg,success,
https://cdn.lookastic.com/dark-brown-leather-lace-up-flat-boots-original-11410268.jpg,data\images\dark-brown-leather-lace-up-flat-boots-original-11410268.jpg,success,
https://cdn.lookastic.com/brown-bracelet-original-8924380.jpg,data\images\brown-bracelet-original-8924380.jpg,success,
https://cdn.lookastic.com/beige-necklace-original-3980195.jpg,data\images\beige-necklace-original-3980195.jpg,success,
https://cdn.lookastic.com/black-embroidered-suede-loafers-original-9686870.jpg,data\images\black-embroidered-suede-loafers-original-9686870.jpg,success,
https://cdn.lookastic.com/olive-suede-tote-bag-original-11348404.jpg,data\images\olive-suede-tote-bag-original-11348404.jpg,success,
https://cdn.lookastic.com/yellow-leopard-skater-dress-original-3914667.jpg,data\images\yellow-leopard-skater-dress-original-3914667.jpg,success,
https://cdn.lookastic.com/white-trenchcoat-original-1361121.jpg,data\images\white-trenchcoat-original-1361121.jpg,success,
https://cdn.lookastic.com/brown-leopard-sheath-dress-original-9812820.jpg,data\images\brown-leopard-sheath-dress-original-9812820.jpg,success,
https://cdn.lookastic.com/black-leather-crossbody-bag-original-2350887.jpg,data\images\black-leather-crossbody-bag-original-2350887.jpg,success,
https://cdn.lookastic.com/looks/red-leopard-sheath-dress-black-suede-ankle-boots-large-107841.jpg,data\images\red-leopard-sheath-dress-black-suede-ankle-boots-large-107841.jpg,success,
https://cdn.lookastic.com/black-leather-ankle-boots-original-1625577.jpg,data\images\black-leather-ankle-boots-original-1625577.jpg,success,
https://cdn.lookastic.com/looks/black-leopard-sheath-dress-black-leather-ankle-boots-large-107838.jpg,data\images\black-leopard-sheath-dress-black-leather-ankle-boots-large-107838.jpg,success,
https://cdn.lookastic.com/black-suede-ankle-boots-original-1625595.jpg,data\images\black-suede-ankle-boots-original-1625595.jpg,success,
https://cdn.lookastic.com/looks/white-trenchcoat-brown-leopard-sheath-dress-black-leather-clutch-large-107824.jpg,data\images\white-trenchcoat-brown-leopard-sheath-dress-black-leather-clutch-large-107824.jpg,success,
https://cdn.lookastic.com/black-leopard-sheath-dress-original-11394893.jpg,data\images\black-leopard-sheath-dress-original-11394893.jpg,success,
https://cdn.lookastic.com/looks/blazer-cami-dress-ankle-boots-large-107845.jpg,data\images\blazer-cami-dress-ankle-boots-large-107845.jpg,success,
https://cdn.lookastic.com/red-leopard-sheath-dress-original-11490029.jpg,data\images\red-leopard-sheath-dress-original-11490029.jpg,success,
https://cdn.lookastic.com/black-chunky-leather-ankle-boots-original-9998607.jpg,data\images\black-chunky-leather-ankle-boots-original-9998607.jpg,success,
https://cdn.lookastic.com/looks/maxi-dress-wedge-ankle-boots-sunglasses-large-107827.jpg,data\images\maxi-dress-wedge-ankle-boots-sunglasses-large-107827.jpg,success,
https://cdn.lookastic.com/tan-leopard-silk-cami-dress-original-11513174.jpg,data\images\tan-leopard-silk-cami-dress-original-11513174.jpg,success,
https://cdn.lookastic.com/black-leather-wedge-ankle-boots-original-9441764.jpg,data\images\black-leather-wedge-ankle-boots-original-9441764.jpg,success,
https://cdn.lookastic.com/black-choker-original-11422438.jpg,data\images\black-choker-original-11422438.jpg,success,
https://cdn.lookastic.com/looks/brown-maxi-dress-black-thong-sandals-black-sunglasses-large-107836.jpg,data\images\brown-maxi-dress-black-thong-sandals-black-sunglasses-large-107836.jpg,success,
https://cdn.lookastic.com/looks/biker-jacket-maxi-dress-low-top-sneakers-large-107846.jpg,data\images\biker-jacket-maxi-dress-low-top-sneakers-large-107846.jpg,success,
https://cdn.lookastic.com/grey-crew-neck-sweater-original-1330827.jpg,data\images\grey-crew-neck-sweater-original-1330827.jpg,success,
https://cdn.lookastic.com/looks/grey-crew-neck-sweater-brown-leopard-maxi-dress-gold-leather-thong-sandals-large-107844.jpg,data\images\grey-crew-neck-sweater-brown-leopard-maxi-dress-gold-leather-thong-sandals-large-107844.jpg,success,
https://cdn.lookastic.com/black-and-gold-leather-bracelet-original-10153382.jpg,data\images\black-and-gold-leather-bracelet-original-10153382.jpg,success,
https://cdn.lookastic.com/looks/beige-leopard-midi-dress-gold-leather-pumps-black-leather-waist-belt-large-107852.jpg,data\images\beige-leopard-midi-dress-gold-leather-pumps-black-leather-waist-belt-large-107852.jpg,success,
https://cdn.lookastic.com/black-thong-sandals-original-7762112.jpg,data\images\black-thong-sandals-original-7762112.jpg,success,
https://cdn.lookastic.com/looks/black-leather-biker-jacket-brown-leopard-maxi-dress-black-leather-clutch-large-107839.jpg,data\images\black-leather-biker-jacket-brown-leopard-maxi-dress-black-leather-clutch-large-107839.jpg,success,
https://cdn.lookastic.com/black-leather-clutch-original-2335983.jpg,data\images\black-leather-clutch-original-2335983.jpg,success,
https://cdn.lookastic.com/gold-leather-thong-sandals-original-9282122.jpg,data\images\gold-leather-thong-sandals-original-9282122.jpg,success,
https://cdn.lookastic.com/blue-leopard-maxi-dress-original-3885345.jpg,data\images\blue-leopard-maxi-dress-original-3885345.jpg,success,
https://cdn.lookastic.com/looks/grey-cable-sweater-brown-maxi-dress-gold-thong-sandals-large-107837.jpg,data\images\grey-cable-sweater-brown-maxi-dress-gold-thong-sandals-large-107837.jpg,success,
https://cdn.lookastic.com/black-leather-pumps-original-1631085.jpg,data\images\black-leather-pumps-original-1631085.jpg,success,
https://cdn.lookastic.com/black-studded-leather-mid-calf-boots-original-11413433.jpg,data\images\black-studded-leather-mid-calf-boots-original-11413433.jpg,success,
https://cdn.lookastic.com/beige-coat-original-1359285.jpg,data\images\beige-coat-original-1359285.jpg,success,
https://cdn.lookastic.com/looks/coat-bodycon-dress-mid-calf-boots-large-107825.jpg,data\images\coat-bodycon-dress-mid-calf-boots-large-107825.jpg,success,
https://cdn.lookastic.com/black-suede-heeled-sandals-original-4530096.jpg,data\images\black-suede-heeled-sandals-original-4530096.jpg,success,
https://cdn.lookastic.com/brown-leather-crossbody-bag-original-2351211.jpg,data\images\brown-leather-crossbody-bag-original-2351211.jpg,success,
https://cdn.lookastic.com/brown-pendant-original-9307473.jpg,data\images\brown-pendant-original-9307473.jpg,success,
https://cdn.lookastic.com/blue-sunglasses-original-9539395.jpg,data\images\blue-sunglasses-original-9539395.jpg,success,
https://cdn.lookastic.com/black-and-white-leopard-bodycon-dress-original-4612637.jpg,data\images\black-and-white-leopard-bodycon-dress-original-4612637.jpg,success,
https://cdn.lookastic.com/brown-leather-satchel-bag-original-4065451.jpg,data\images\brown-leather-satchel-bag-original-4065451.jpg,success,
https://cdn.lookastic.com/looks/denim-jacket-maxi-dress-heeled-sandals-large-107831.jpg,data\images\denim-jacket-maxi-dress-heeled-sandals-large-107831.jpg,success,
https://cdn.lookastic.com/brown-wool-tights-original-4707124.jpg,data\images\brown-wool-tights-original-4707124.jpg,success,
https://cdn.lookastic.com/beige-straw-hat-original-9669586.jpg,data\images\beige-straw-hat-original-9669586.jpg,success,
https://cdn.lookastic.com/brown-leopard-bomber-jacket-original-4528856.jpg,data\images\brown-leopard-bomber-jacket-original-4528856.jpg,success,
https://cdn.lookastic.com/looks/blue-maxi-dress-beige-thong-sandals-beige-hat-large-107823.jpg,data\images\blue-maxi-dress-beige-thong-sandals-beige-hat-large-107823.jpg,success,
https://cdn.lookastic.com/blue-denim-jacket-original-1371219.jpg,data\images\blue-denim-jacket-original-1371219.jpg,success,
https://cdn.lookastic.com/grey-cable-sweater-original-1336335.jpg,data\images\grey-cable-sweater-original-1336335.jpg,success,
https://cdn.lookastic.com/looks/brown-leopard-bomber-jacket-brown-leopard-bodycon-dress-black-leather-pumps-large-107842.jpg,data\images\brown-leopard-bomber-jacket-brown-leopard-bodycon-dress-black-leather-pumps-large-107842.jpg,success,
https://cdn.lookastic.com/beige-embellished-thong-sandals-original-7762210.jpg,data\images\beige-embellished-thong-sandals-original-7762210.jpg,success,
https://cdn.lookastic.com/looks/blue-maxi-dress-beige-thong-sandals-beige-hat-large-107821.jpg,data\images\blue-maxi-dress-beige-thong-sandals-beige-hat-large-107821.jpg,success,
https://cdn.lookastic.com/mustard-coat-original-4306279.jpg,data\images\mustard-coat-original-4306279.jpg,success,
https://cdn.lookastic.com/black-leather-shorts-original-3687984.jpg,data\images\black-leather-shorts-original-3687984.jpg,success,
https://cdn.lookastic.com/looks/shirtdress-cropped-top-shorts-large-107828.jpg,data\images\shirtdress-cropped-top-shorts-large-107828.jpg,success,
https://cdn.lookastic.com/red-wool-hat-original-10053131.jpg,data\images\red-wool-hat-original-10053131.jpg,success,
https://cdn.lookastic.com/blue-leopard-sheath-dress-original-11314194.jpg,data\images\blue-leopard-sheath-dress-original-11314194.jpg,success,
https://cdn.lookastic.com/black-and-white-leopard-chiffon-shirtdress-original-10720192.jpg,data\images\black-and-white-leopard-chiffon-shirtdress-original-10720192.jpg,success,
https://cdn.lookastic.com/looks/hot-pink-coat-red-leopard-shift-dress-pink-canvas-pumps-large-107819.jpg,data\images\hot-pink-coat-red-leopard-shift-dress-pink-canvas-pumps-large-107819.jpg,success,
https://cdn.lookastic.com/black-cropped-top-original-3988812.jpg,data\images\black-cropped-top-original-3988812.jpg,success,
tic.com/tobacco-wide-leg-pants-original-4512591.jpg,data\images\tobacco-wide-leg-pants-original-4512591.jpg,success,
https://cdn.lookastic.com/tan-leather-tote-bag-original-8914837.jpg,data\images\tan-leather-tote-bag-original-8914837.jpg,success,
https://cdn.lookastic.com/black-suede-crossbody-bag-original-2350905.jpg,data\images\black-suede-crossbody-bag-original-2350905.jpg,success,
https://cdn.lookastic.com/pink-necklace-original-3980191.jpg,data\images\pink-necklace-original-3980191.jpg,success,
https://cdn.lookastic.com/black-wide-leg-pants-original-4511871.jpg,data\images\black-wide-leg-pants-original-4511871.jpg,success,
https://cdn.lookastic.com/black-leather-ballerina-shoes-original-1620069.jpg,data\images\black-leather-ballerina-shoes-original-1620069.jpg,success,
https://cdn.lookahttps://cdn.lookastic.com/looks/coat-sheath-dress-pumps-large-107835.jpg,data\images\coat-sheath-dress-pumps-large-107835.jpg,success,
https://cdn.lookastic.com/looks/tan-wool-sheath-dress-black-suede-pumps-yellow-leather-handbag-large-107820.jpg,data\images\tan-wool-sheath-dress-black-suede-pumps-yellow-leather-handbag-large-107820.jpg,success,
https://cdn.lookastic.com/black-leather-wedge-sandals-original-1642101.jpg,data\images\black-leather-wedge-sandals-original-1642101.jpg,success,
https://cdn.lookastic.com/looks/biker-jacket-maxi-dress-low-top-sneakers-large-107814.jpg,data\images\biker-jacket-maxi-dress-low-top-sneakers-large-107814.jpg,success,
https://cdn.lookastic.com/looks/blazer-maxi-dress-high-top-sneakers-large-107815.jpg,data\images\blazer-maxi-dress-high-top-sneakers-large-107815.jpg,success,
https://cdn.lookastic.com/looks/purple-leopard-sheath-dress-burgundy-suede-heeled-sandals-burgundy-leather-waist-belt-large-107813.jpg,data\images\purple-leopard-sheath-dress-burgundy-suede-heeled-sandals-burgundy-leather-waist-belt-large-107813.jpg,success,
https://cdn.lookastic.com/looks/beige-leopard-midi-dress-gold-leather-pumps-black-leather-waist-belt-large-107818.jpg,data\images\beige-leopard-midi-dress-gold-leather-pumps-black-leather-waist-belt-large-107818.jpg,success,
ps://cdn.lookastic.com/white-leather-belt-original-1663827.jpg,data\images\white-leather-belt-original-1663827.jpg,success,
https://cdn.lookasstic.com/looks/sheath-dress-flat-sandals-clutch-large-107817.jpg,data\images\sheath-dress-flat-sandals-clutch-large-107817.jpg,success,
https://cdn.lookastic.com/tan-vertical-striped-sleeveless-top-original-3997337.jpg,data\images\tan-vertical-striped-sleeveless-top-original-3997337.jpg,success,
https://cdn.lookastic.com/looks/dress-shirt-wide-leg-pants-ballerina-shoes-large-107808.jpg,data\images\dress-shirt-wide-leg-pants-ballerina-shoes-large-107808.jpg,success,
https://cdn.lookastic.com/white-leather-crossbody-bag-original-2350563.jpg,data\images\white-leather-crossbody-bag-original-2350563.jpg,success,
https://cdn.lookastic.com/gold-earrings-original-3980711.jpg,data\images\gold-earrings-original-3980711.jpg,success,
https://cdn.lookastic.com/looks/blazer-wide-leg-pants-crossbody-bag-large-107801.jpg,data\images\blazer-wide-leg-pants-crossbody-bag-large-107801.jpg,success,
https://cdn.lookastic.com/blue-denim-crew-neck-t-shirt-original-8599620.jpg,data\images\blue-denim-crew-neck-t-shirt-original-8599620.jpg,success,
https://cdn.https://cdn.lookastic.com/looks/brown-leopard-bodycon-dress-black-satin-pumps-dark-brown-leopard-clutch-large-107816.jpg,data\images\brown-leopard-bodycon-dress-black-satin-pumps-dark-brown-leopard-clutch-large-107816.jpg,success,
https://cdn.lookastic.com/white-silk-dress-shirt-original-1278303.jpg,data\images\white-silk-dress-shirt-original-1278303.jpg,success,
httlookastic.com/navy-and-white-polka-dot-wide-leg-pants-original-4513078.jpg,data\images\navy-and-white-polka-dot-wide-leg-pants-original-4513078.jpg,success,
https://cdn.lookastic.com/looks/blue-denim-crew-neck-t-shirt-navy-and-white-polka-dot-wide-leg-pants-green-suede-ballerina-shoes-large-107766.jpg,data\images\blue-denim-crew-neck-t-shirt-navy-and-white-polka-dot-wide-leg-pants-green-suede-ballerina-shoes-large-107766.jpg,success,
https://cdn.lookastic.com/looks/sleeveless-top-wide-leg-pants-flat-sandals-large-107772.jpg,data\images\sleeveless-top-wide-leg-pants-flat-sandals-large-107772.jpg,success,
https://cdn.lookastic.com/white-and-black-leather-flat-sandals-original-9737996.jpg,data\images\white-and-black-leather-flat-sandals-original-9737996.jpg,success,
https://cdn.lookastic.com/silver-watch-original-9550590.jpg,data\images\silver-watch-original-9550590.jpg,success,
https://cdn.lookastic.com/black-chinos-original-464814.jpg,data\images\black-chinos-original-464814.jpg,success,
https://cdn.lookastic.com/grey-crew-neck-t-shirt-original-389232.jpg,data\images\grey-crew-neck-t-shirt-original-389232.jpg,success,
https://cdn.lookastic.com/looks/blazer-crew-neck-sweater-chinos-large-109206.jpg,data\images\blazer-crew-neck-sweater-chinos-large-109206.jpg,success,
https://cdn.lookastic.com/brown-leather-double-monks-original-516906.jpg,data\images\brown-leather-double-monks-original-516906.jpg,success,
https://cdn.lookastic.com/beige-canvas-low-top-sneakers-original-10384747.jpg,data\images\beige-canvas-low-top-sneakers-original-10384747.jpg,success,
https://cdn.lookastic.com/looks/crew-neck-sweater-chinos-double-monks-large-109200.jpg,data\images\crew-neck-sweater-chinos-double-monks-large-109200.jpg,success,
https://cdn.lookastic.com/black-leather-duffle-bag-original-4543897.jpg,data\images\black-leather-duffle-bag-original-4543897.jpg,success,
https://cdn.lookastic.com/looks/long-sleeve-shirt-chinos-low-top-sneakers-large-109204.jpg,data\images\long-sleeve-shirt-chinos-low-top-sneakers-large-109204.jpg,success,
https://cdn.lookastic.com/brown-leather-watch-original-9558336.jpg,data\images\brown-leather-watch-original-9558336.jpg,success,
https://cdn.lookastic.com/black-leather-oxford-shoes-original-3307259.jpg,data\images\black-leather-oxford-shoes-original-3307259.jpg,success,
https://cdn.lookastic.com/tan-shorts-original-484704.jpg,data\images\tan-shorts-original-484704.jpg,success,
https://cdn.lookastic.com/looks/short-sleeve-shirt-chinos-low-top-sneakers-large-109213.jpg,data\images\short-sleeve-shirt-chinos-low-top-sneakers-large-109213.jpg,success,
https://cdn.lookastic.com/gold-watch-original-9550743.jpg,data\images\gold-watch-original-9550743.jpg,success,
https://cdn.lookastic.com/navy-leather-backpack-original-2371623.jpg,data\images\navy-leather-backpack-original-2371623.jpg,success,
https://cdn.lookastic.com/black-sunglasses-original-9639748.jpg,data\images\black-sunglasses-original-9639748.jpg,success,
https://cdn.lookastic.com/black-crew-neck-sweater-original-402390.jpg,data\images\black-crew-neck-sweater-original-402390.jpg,success,
https://cdn.lookastic.com/black-leather-watch-original-9558291.jpg,data\images\black-leather-watch-original-9558291.jpg,success,
https://cdn.lookastic.com/beige-canvas-duffle-bag-original-11657029.jpg,data\images\beige-canvas-duffle-bag-original-11657029.jpg,success,
https://cdn.lookastic.com/olive-chinos-original-466344.jpg,data\images\olive-chinos-original-466344.jpg,success,
https://cdn.lookastic.com/tobacco-chinos-original-2309991.jpg,data\images\tobacco-chinos-original-2309991.jpg,success,
https://cdn.lookastic.com/white-canvas-low-top-sneakers-original-10384459.jpg,data\images\white-canvas-low-top-sneakers-original-10384459.jpg,success,
https://cdn.lookastic.com/black-and-white-canvas-low-top-sneakers-original-10385251.jpg,data\images\black-and-white-canvas-low-top-sneakers-original-10385251.jpg,success,
https://cdn.lookastic.com/light-blue-long-sleeve-shirt-original-2899599.jpg,data\images\light-blue-long-sleeve-shirt-original-2899599.jpg,success,
https://cdn.lookastic.com/grey-blazer-original-441252.jpg,data\images\grey-blazer-original-441252.jpg,success,
https://cdn.lookastic.com/looks/crew-neck-t-shirt-shorts-low-top-sneakers-large-109203.jpg,data\images\crew-neck-t-shirt-shorts-low-top-sneakers-large-109203.jpg,success,
https://cdn.lookastic.com/navy-chinos-original-463284.jpg,data\images\navy-chinos-original-463284.jpg,success,
https://cdn.lookastic.com/dark-purple-crew-neck-sweater-original-8595932.jpg,data\images\dark-purple-crew-neck-sweater-original-8595932.jpg,success,
https://cdn.lookastic.com/navy-short-sleeve-shirt-original-364446.jpg,data\images\navy-short-sleeve-shirt-original-364446.jpg,success,
https://cdn.lookastic.com/dark-brown-leather-watch-original-9560517.jpg,data\images\dark-brown-leather-watch-original-9560517.jpg,success,
https://cdn.lookastic.com/khaki-chinos-original-3402249.jpg,data\images\khaki-chinos-original-3402249.jpg,success,
https://cdn.lookastic.com/white-athletic-shoes-original-547740.jpg,data\images\white-athletic-shoes-original-547740.jpg,success,
https://cdn.lookastic.com/black-shirt-jacket-original-11479413.jpg,data\images\black-shirt-jacket-original-11479413.jpg,success,
https://cdn.lookastic.com/looks/crew-neck-t-shirt-jeans-loafers-large-109202.jpg,data\images\crew-neck-t-shirt-jeans-loafers-large-109202.jpg,success,
https://cdn.lookastic.com/light-blue-linen-long-sleeve-shirt-original-9428302.jpg,data\images\light-blue-linen-long-sleeve-shirt-original-9428302.jpg,success,
https://cdn.lookastic.com/looks/long-sleeve-shirt-shorts-low-top-sneakers-large-109201.jpg,data\images\long-sleeve-shirt-shorts-low-top-sneakers-large-109201.jpg,success,
https://cdn.lookastic.com/black-bracelet-original-10575787.jpg,data\images\black-bracelet-original-10575787.jpg,success,
https://cdn.lookastic.com/dark-brown-sunglasses-original-9639763.jpg,data\images\dark-brown-sunglasses-original-9639763.jpg,success,
https://cdn.lookastic.com/light-blue-jeans-original-2906025.jpg,data\images\light-blue-jeans-original-2906025.jpg,success,
https://cdn.lookastic.com/grey-canvas-loafers-original-9702754.jpg,data\images\grey-canvas-loafers-original-9702754.jpg,success,
https://cdn.lookastic.com/brown-sunglasses-original-9639749.jpg,data\images\brown-sunglasses-original-9639749.jpg,success,
https://cdn.lookastic.com/looks/grey-shirt-jacket-black-crew-neck-t-shirt-black-cargo-pants-large-109210.jpg,data\images\grey-shirt-jacket-black-crew-neck-t-shirt-black-cargo-pants-large-109210.jpg,success,
https://cdn.lookastic.com/burgundy-leather-desert-boots-original-500382.jpg,data\images\burgundy-leather-desert-boots-original-500382.jpg,success,
https://cdn.lookastic.com/grey-shirt-jacket-original-11479067.jpg,data\images\grey-shirt-jacket-original-11479067.jpg,success,
https://cdn.lookastic.com/multi-colored-print-canvas-low-top-sneakers-original-11495119.jpg,data\images\multi-colored-print-canvas-low-top-sneakers-original-11495119.jpg,success,
https://cdn.lookastic.com/black-cargo-pants-original-475218.jpg,data\images\black-cargo-pants-original-475218.jpg,success,
https://cdn.lookastic.com/black-crew-neck-t-shirt-original-386784.jpg,data\images\black-crew-neck-t-shirt-original-386784.jpg,success,
https://cdn.lookastic.com/looks/cardigan-long-sleeve-shirt-chinos-large-109208.jpg,data\images\cardigan-long-sleeve-shirt-chinos-large-109208.jpg,success,
https://cdn.lookastic.com/grey-cardigan-original-415242.jpg,data\images\grey-cardigan-original-415242.jpg,success,
https://cdn.lookastic.com/olive-crew-neck-t-shirt-original-388314.jpg,data\images\olive-crew-neck-t-shirt-original-388314.jpg,success,
https://cdn.lookastic.com/dark-brown-beaded-bracelet-original-10576055.jpg,data\images\dark-brown-beaded-bracelet-original-10576055.jpg,success,
https://cdn.lookastic.com/looks/black-shirt-jacket-blue-crew-neck-t-shirt-khaki-chinos-large-109205.jpg,data\images\black-shirt-jacket-blue-crew-neck-t-shirt-khaki-chinos-large-109205.jpg,success,
https://cdn.lookastic.com/blue-crew-neck-t-shirt-original-385560.jpg,data\images\blue-crew-neck-t-shirt-original-385560.jpg,success,
https://cdn.lookastic.com/looks/long-sleeve-shirt-jeans-loafers-large-109209.jpg,data\images\long-sleeve-shirt-jeans-loafers-large-109209.jpg,success,
https://cdn.lookastic.com/black-leather-derby-shoes-original-2410503.jpg,data\images\black-leather-derby-shoes-original-2410503.jpg,success,
https://cdn.lookastic.com/looks/long-sleeve-shirt-crew-neck-t-shirt-chinos-large-109207.jpg,data\images\long-sleeve-shirt-crew-neck-t-shirt-chinos-large-109207.jpg,success,
https://cdn.lookastic.com/blue-ripped-jeans-original-9153824.jpg,data\images\blue-ripped-jeans-original-9153824.jpg,success,
https://cdn.lookastic.com/black-suede-loafers-original-527022.jpg,data\images\black-suede-loafers-original-527022.jpg,success,
https://cdn.lookastic.com/looks/denim-shirt-crew-neck-t-shirt-chinos-large-109211.jpg,data\images\denim-shirt-crew-neck-t-shirt-chinos-large-109211.jpg,success,
https://cdn.lookastic.com/navy-overcoat-original-426870.jpg,data\images\navy-overcoat-original-426870.jpg,success,
https://cdn.lookastic.com/white-leather-low-top-sneakers-original-542304.jpg,data\images\white-leather-low-top-sneakers-original-542304.jpg,success,
https://cdn.lookastic.com/looks/white-long-sleeve-shirt-khaki-chinos-white-low-top-sneakers-large-109191.jpg,data\images\white-long-sleeve-shirt-khaki-chinos-white-low-top-sneakers-large-109191.jpg,success,
https://cdn.lookastic.com/navy-leather-belt-original-572292.jpg,data\images\navy-leather-belt-original-572292.jpg,success,
https://cdn.lookastic.com/olive-sunglasses-original-9639753.jpg,data\images\olive-sunglasses-original-9639753.jpg,success,
https://cdn.lookastic.com/black-leather-belt-original-573822.jpg,data\images\black-leather-belt-original-573822.jpg,success,
https://cdn.lookastic.com/white-long-sleeve-shirt-original-360468.jpg,data\images\white-long-sleeve-shirt-original-360468.jpg,success,
https://cdn.lookastic.com/looks/overcoat-turtleneck-jeans-large-109212.jpg,data\images\overcoat-turtleneck-jeans-large-109212.jpg,success,
https://cdn.lookastic.com/grey-athletic-shoes-original-550494.jpg,data\images\grey-athletic-shoes-original-550494.jpg,success,
https://cdn.lookastic.com/white-and-red-leather-low-top-sneakers-original-11514003.jpg,data\images\white-and-red-leather-low-top-sneakers-original-11514003.jpg,success,
https://cdn.lookastic.com/white-jeans-original-469710.jpg,data\images\white-jeans-original-469710.jpg,success,
https://cdn.lookastic.com/navy-and-white-canvas-watch-original-9562076.jpg,data\images\navy-and-white-canvas-watch-original-9562076.jpg,success,
https://cdn.lookastic.com/white-chinos-original-464508.jpg,data\images\white-chinos-original-464508.jpg,success,
https://cdn.lookastic.com/blue-sunglasses-original-9639744.jpg,data\images\blue-sunglasses-original-9639744.jpg,success,
https://cdn.lookastic.com/blue-long-sleeve-shirt-original-359550.jpg,data\images\blue-long-sleeve-shirt-original-359550.jpg,success,
https://cdn.lookastic.com/navy-wool-turtleneck-original-4234094.jpg,data\images\navy-wool-turtleneck-original-4234094.jpg,success,
https://cdn.lookastic.com/blue-denim-shirt-original-2767407.jpg,data\images\blue-denim-shirt-original-2767407.jpg,success,
https://cdn.lookastic.com/white-crew-neck-t-shirt-original-386478.jpg,data\images\white-crew-neck-t-shirt-original-386478.jpg,success,
https://cdn.lookastic.com/red-bandana-original-10970811.jpg,data\images\red-bandana-original-10970811.jpg,success,
https://cdn.lookastic.com/tan-blazer-original-437886.jpg,data\images\tan-blazer-original-437886.jpg,success,
https://cdn.lookastic.com/grey-jeans-original-472464.jpg,data\images\grey-jeans-original-472464.jpg,success,
https://cdn.lookastic.com/beige-leather-low-top-sneakers-original-11345255.jpg,data\images\beige-leather-low-top-sneakers-original-11345255.jpg,success,
https://cdn.lookastic.com/pink-crew-neck-t-shirt-original-389844.jpg,data\images\pink-crew-neck-t-shirt-original-389844.jpg,success,
https://cdn.lookastic.com/grey-long-sleeve-henley-shirt-original-11524223.jpg,data\images\grey-long-sleeve-henley-shirt-original-11524223.jpg,success,
https://cdn.lookastic.com/charcoal-blazer-original-2161167.jpg,data\images\charcoal-blazer-original-2161167.jpg,success,
https://cdn.lookastic.com/navy-horizontal-striped-tie-original-593318.jpg,data\images\navy-horizontal-striped-tie-original-593318.jpg,success,
https://cdn.lookastic.com/looks/long-sleeve-shirt-chinos-low-top-sneakers-large-109136.jpg,data\images\long-sleeve-shirt-chinos-low-top-sneakers-large-109136.jpg,success,
https://cdn.lookastic.com/navy-pocket-square-original-567324.jpg,data\images\navy-pocket-square-original-567324.jpg,success,
https://cdn.lookastic.com/white-dress-shirt-original-355266.jpg,data\images\white-dress-shirt-original-355266.jpg,success,
https://cdn.lookastic.com/looks/tan-blazer-pink-crew-neck-t-shirt-navy-chinos-large-109181.jpg,data\images\tan-blazer-pink-crew-neck-t-shirt-navy-chinos-large-109181.jpg,success,
https://cdn.lookastic.com/black-leather-chelsea-boots-original-1950549.jpg,data\images\black-leather-chelsea-boots-original-1950549.jpg,success,
https://cdn.lookastic.com/looks/blazer-dress-shirt-jeans-large-109154.jpg,data\images\blazer-dress-shirt-jeans-large-109154.jpg,success,
https://cdn.lookastic.com/light-blue-dress-shirt-original-2899293.jpg,data\images\light-blue-dress-shirt-original-2899293.jpg,success,
https://cdn.lookastic.com/blue-denim-jacket-original-442782.jpg,data\images\blue-denim-jacket-original-442782.jpg,success,
https://cdn.lookastic.com/dark-brown-suede-oxford-shoes-original-6731734.jpg,data\images\dark-brown-suede-oxford-shoes-original-6731734.jpg,success,
https://cdn.lookastic.com/beige-blazer-original-1799925.jpg,data\images\beige-blazer-original-1799925.jpg,success,
https://cdn.lookastic.com/looks/denim-jacket-long-sleeve-shirt-long-sleeve-henley-shirt-large-109094.jpg,data\images\denim-jacket-long-sleeve-shirt-long-sleeve-henley-shirt-large-109094.jpg,success,
https://cdn.lookastic.com/looks/blazer-dress-shirt-chinos-large-109190.jpg,data\images\blazer-dress-shirt-chinos-large-109190.jpg,success,
https://cdn.lookastic.com/brown-leather-desert-boots-original-501300.jpg,data\images\brown-leather-desert-boots-original-501300.jpg,success,
https://cdn.lookastic.com/grey-geometric-pocket-square-original-11526746.jpg,data\images\grey-geometric-pocket-square-original-11526746.jpg,success,
https://cdn.lookastic.com/looks/crew-neck-sweater-long-sleeve-shirt-skinny-jeans-large-109152.jpg,data\images\crew-neck-sweater-long-sleeve-shirt-skinny-jeans-large-109152.jpg,success,
https://cdn.lookastic.com/navy-crew-neck-sweater-original-400860.jpg,data\images\navy-crew-neck-sweater-original-400860.jpg,success,
https://cdn.lookastic.com/charcoal-skinny-jeans-original-4565988.jpg,data\images\charcoal-skinny-jeans-original-4565988.jpg,success,
https://cdn.lookastic.com/black-overcoat-original-428400.jpg,data\images\black-overcoat-original-428400.jpg,success,
https://cdn.lookastic.com/white-crew-neck-sweater-original-402084.jpg,data\images\white-crew-neck-sweater-original-402084.jpg,success,
https://cdn.lookastic.com/looks/grey-crew-neck-sweater-blue-long-sleeve-shirt-black-chinos-large-109147.jpg,data\images\grey-crew-neck-sweater-blue-long-sleeve-shirt-black-chinos-large-109147.jpg,success,
https://cdn.lookastic.com/navy-jeans-original-468486.jpg,data\images\navy-jeans-original-468486.jpg,success,
https://cdn.lookastic.com/looks/long-sleeve-shirt-jeans-casual-boots-large-109187.jpg,data\images\long-sleeve-shirt-jeans-casual-boots-large-109187.jpg,success,
https://cdn.lookastic.com/black-leather-holdall-original-4024388.jpg,data\images\black-leather-holdall-original-4024388.jpg,success,
https://cdn.lookastic.com/looks/crew-neck-sweater-long-sleeve-shirt-chinos-large-109171.jpg,data\images\crew-neck-sweater-long-sleeve-shirt-chinos-large-109171.jpg,success,
https://cdn.lookastic.com/looks/overcoat-crew-neck-t-shirt-skinny-jeans-large-109100.jpg,data\images\overcoat-crew-neck-t-shirt-skinny-jeans-large-109100.jpg,success,
https://cdn.lookastic.com/light-blue-chambray-long-sleeve-shirt-original-2899412.jpg,data\images\light-blue-chambray-long-sleeve-shirt-original-2899412.jpg,success,
https://cdn.lookastic.com/grey-crew-neck-sweater-original-404838.jpg,data\images\grey-crew-neck-sweater-original-404838.jpg,success,
https://cdn.lookastic.com/navy-canvas-low-top-sneakers-original-10384363.jpg,data\images\navy-canvas-low-top-sneakers-original-10384363.jpg,success,
https://cdn.lookastic.com/navy-skinny-jeans-original-4565580.jpg,data\images\navy-skinny-jeans-original-4565580.jpg,success,
https://cdn.lookastic.com/navy-rubber-watch-original-9558093.jpg,data\images\navy-rubber-watch-original-9558093.jpg,success,
https://cdn.lookastic.com/blue-chambray-long-sleeve-shirt-original-359370.jpg,data\images\blue-chambray-long-sleeve-shirt-original-359370.jpg,success,
https://cdn.lookastic.com/tan-leather-casual-boots-original-11313170.jpg,data\images\tan-leather-casual-boots-original-11313170.jpg,success,
https://cdn.lookastic.com/looks/blazer-dress-shirt-jeans-large-109195.jpg,data\images\blazer-dress-shirt-jeans-large-109195.jpg,success,
https://cdn.lookastic.com/brown-woven-leather-belt-original-3446215.jpg,data\images\brown-woven-leather-belt-original-3446215.jpg,success,
https://cdn.lookastic.com/looks/bomber-jacket-crew-neck-t-shirt-jeans-large-109192.jpg,data\images\bomber-jacket-crew-neck-t-shirt-jeans-large-109192.jpg,success,
https://cdn.lookastic.com/looks/overcoat-hoodie-skinny-jeans-large-109103.jpg,data\images\overcoat-hoodie-skinny-jeans-large-109103.jpg,success,
https://cdn.lookastic.com/tobacco-leather-derby-shoes-original-2415687.jpg,data\images\tobacco-leather-derby-shoes-original-2415687.jpg,success,
https://cdn.lookastic.com/grey-hoodie-original-420444.jpg,data\images\grey-hoodie-original-420444.jpg,success,
https://cdn.lookastic.com/navy-bomber-jacket-original-3655991.jpg,data\images\navy-bomber-jacket-original-3655991.jpg,success,
https://cdn.lookastic.com/white-and-navy-pocket-square-original-2963859.jpg,data\images\white-and-navy-pocket-square-original-2963859.jpg,success,
https://cdn.lookastic.com/black-leather-gloves-original-579024.jpg,data\images\black-leather-gloves-original-579024.jpg,success,
https://cdn.lookastic.com/black-skinny-jeans-original-4565676.jpg,data\images\black-skinny-jeans-original-4565676.jpg,success,
https://cdn.lookastic.com/white-and-navy-horizontal-striped-crew-neck-t-shirt-original-2953134.jpg,data\images\white-and-navy-horizontal-striped-crew-neck-t-shirt-original-2953134.jpg,success,
https://cdn.lookastic.com/black-and-white-polka-dot-socks-original-6702144.jpg,data\images\black-and-white-polka-dot-socks-original-6702144.jpg,success,
https://cdn.lookastic.com/charcoal-dress-pants-original-2163759.jpg,data\images\charcoal-dress-pants-original-2163759.jpg,success,
https://cdn.lookastic.com/camel-overcoat-original-3350409.jpg,data\images\camel-overcoat-original-3350409.jpg,success,
https://cdn.lookastic.com/looks/cardigan-dress-shirt-dress-pants-large-109117.jpg,data\images\cardigan-dress-shirt-dress-pants-large-109117.jpg,success,
https://cdn.lookastic.com/navy-print-tie-original-4115055.jpg,data\images\navy-print-tie-original-4115055.jpg,success,
https://cdn.lookastic.com/looks/overcoat-crew-neck-sweater-jeans-large-109170.jpg,data\images\overcoat-crew-neck-sweater-jeans-large-109170.jpg,success,
https://cdn.lookastic.com/white-and-black-leather-low-top-sneakers-original-11337296.jpg,data\images\white-and-black-leather-low-top-sneakers-original-11337296.jpg,success,
https://cdn.lookastic.com/light-blue-vertical-striped-dress-shirt-original-2899279.jpg,data\images\light-blue-vertical-striped-dress-shirt-original-2899279.jpg,success,
https://cdn.lookastic.com/dark-brown-leather-loafers-original-7262407.jpg,data\images\dark-brown-leather-loafers-original-7262407.jpg,success,
https://cdn.lookastic.com/black-leather-fanny-pack-original-11633040.jpg,data\images\black-leather-fanny-pack-original-11633040.jpg,success,
https://cdn.lookastic.com/looks/blazer-dress-shirt-chinos-large-109169.jpg,data\images\blazer-dress-shirt-chinos-large-109169.jpg,success,
https://cdn.lookastic.com/navy-suede-tassel-loafers-original-2567980.jpg,data\images\navy-suede-tassel-loafers-original-2567980.jpg,success,
https://cdn.lookastic.com/pink-sweatshirt-original-11477602.jpg,data\images\pink-sweatshirt-original-11477602.jpg,success,
https://cdn.lookastic.com/dark-brown-leather-chelsea-boots-original-9659566.jpg,data\images\dark-brown-leather-chelsea-boots-original-9659566.jpg,success,
https://cdn.lookastic.com/looks/sweatshirt-crew-neck-t-shirt-chinos-large-109095.jpg,data\images\sweatshirt-crew-neck-t-shirt-chinos-large-109095.jpg,success,
https://cdn.lookastic.com/red-print-pocket-square-original-4159537.jpg,data\images\red-print-pocket-square-original-4159537.jpg,success,
https://cdn.lookastic.com/dark-brown-blazer-original-2443479.jpg,data\images\dark-brown-blazer-original-2443479.jpg,success,
https://cdn.lookastic.com/black-and-white-canvas-high-top-sneakers-original-10404767.jpg,data\images\black-and-white-canvas-high-top-sneakers-original-10404767.jpg,success,
https://cdn.lookastic.com/grey-ripped-skinny-jeans-original-9154828.jpg,data\images\grey-ripped-skinny-jeans-original-9154828.jpg,success,
https://cdn.lookastic.com/looks/blazer-dress-shirt-jeans-large-109157.jpg,data\images\blazer-dress-shirt-jeans-large-109157.jpg,success,
https://cdn.lookastic.com/white-pocket-square-original-568548.jpg,data\images\white-pocket-square-original-568548.jpg,success,
https://cdn.lookastic.com/looks/black-bomber-jacket-white-crew-neck-t-shirt-grey-skinny-jeans-large-109199.jpg,data\images\black-bomber-jacket-white-crew-neck-t-shirt-grey-skinny-jeans-large-109199.jpg,success,
